{
    "iterators": {
        "T": 168,
        "S": 3,
        "U": 11,
        "K": 2,
        "L": 0,
        "M": 0,
        "N": 2
    },
    "households": [
        {
            "opts":{
                "instances": 8,
                "areDemandSharesFixed":true,
                "curtailableShare": 0.10,
                "shiftableShare": 0.20,
                "extendTimelines": true,
                "applyNoise": true,
                "variance": 0.1
            },
            "shiftP": 0.15,
            "curtP": 0.35,
            "DEM": [
                [0.2713333333959073, 0.21183333338218574, 0.27950000006445835, 0.23516666672089936, 0.28116666673150825, 0.4356666667671373, 0.5708333334649784, 0.31516666673934796, 0.50433333344964, 0.4178333334296932, 0.8936666668727573, 0.6320000001457515, 0.9028333335415424, 0.3576666667491502, 0.4835000001114984, 0.3158333334061669, 0.4566666667719829, 0.3896666667565278, 0.4080000000940843, 1.586500000365867, 1.1541666669328356, 1.1773333336048415, 1.1920000002748834, 0.9815000002263541, 0.37007978980278955, 0.34457100779231264, 0.3309393306332761, 0.3312092648344452, 0.3340435739467203, 0.7976555644545902, 0.39464380210917144, 0.3302644951303524, 0.36400627027648647, 1.0211610830225795, 1.098227297456343, 0.4883109699148398, 0.7865882622066578, 0.5935853083707853, 0.32608051501224355, 0.46374695760845613, 0.2509038399866511, 0.3407919289759425, 0.5522853755919109, 0.8042689523832275, 1.0578721343815694, 1.093638416036471, 1.721235433754543, 0.2580570963176347, 0.37007978980278955, 0.34457100779231264, 0.3309393306332761, 0.3312092648344452, 0.3340435739467203, 0.7976555644545902, 0.39464380210917144, 0.3302644951303524, 0.36400627027648647, 1.0211610830225795, 1.098227297456343, 0.4883109699148398, 0.7865882622066578, 0.5935853083707853, 0.32608051501224355, 0.46374695760845613, 0.2509038399866511, 0.3407919289759425, 0.5522853755919109, 0.8042689523832275, 1.0578721343815694, 1.093638416036471, 1.721235433754543, 0.2580570963176347],
                [0.6416666667657518, 0.5600000000864735, 0.6333333334311291, 0.6066666667603436, 0.63000000009728, 0.8600000001327995, 1.406666666883882, 1.5916666669124526, 0.6066666667603478, 0.35666666672174174, 0.29166666671170705, 0.32333333338326553, 0.5816666667564939, 0.4400000000679294, 2.610000000403036, 1.4933333335639436, 0.8650000001335821, 0.6900000001065486, 1.5583333335739662, 1.0200000001574852, 1.285000000198406, 1.0850000001675102, 1.0050000001551582, 0.44500000006876533],
                [0.4733333414323607, 0.4866666597389296, 0.47666666471191954, 0.4716666546042482, 0.49333335667471384, 0.6183333322948386, 0.8183333335883713, 1.1100000021414402, 1.6216666620420606, 2.5316666628899682, 0.8566666520566324, 0.568333331971455, 1.1800000177071759, 0.6049999887999374, 0.9066666775683465, 1.2600000031115919, 2.3733333285325884, 0.589999983665254, 1.3316666803171064, 1.0866666636195255, 2.298333328047513, 0.9133333493158002, 1.243333311148794, 0.8733333440194274, 1.2099999998118742, 0.7968333332094456, 0.8046666665415604, 0.5286666665844729, 0.6008333332399165, 1.097833333162646, 1.1314999998240787, 0.6843333332269378, 0.7756666665460668, 0.7669999998807409, 1.4101666664474197, 0.3899999999393735, 0.3319999999483969, 0.33533333328121107, 0.32266666661651033, 0.47383333325966676, 0.8116666665404786, 0.5116666665871151, 0.7873333332109169, 1.4328333331105771, 1.5469999997594712, 1.4298333331110338, 1.6184999997483667, 1.6396666664117217, 1.2099999998118742, 0.7968333332094456, 0.8046666665415604, 0.5286666665844729, 0.6008333332399165, 1.097833333162646, 1.1314999998240787, 0.6843333332269378, 0.7756666665460668, 0.7669999998807409, 1.4101666664474197, 0.3899999999393735, 0.3319999999483969, 0.33533333328121107, 0.32266666661651033, 0.47383333325966676, 0.8116666665404786, 0.5116666665871151, 0.7873333332109169, 1.4328333331105771, 1.5469999997594712, 1.4298333331110338, 1.6184999997483667, 1.6396666664117217, 1.2099999998118742, 0.7968333332094456, 0.8046666665415604, 0.5286666665844729, 0.6008333332399165, 1.097833333162646, 1.1314999998240787, 0.6843333332269378, 0.7756666665460668, 0.7669999998807409, 1.4101666664474197, 0.3899999999393735, 0.3319999999483969, 0.33533333328121107, 0.32266666661651033, 0.47383333325966676, 0.8116666665404786, 0.5116666665871151, 0.7873333332109169, 1.4328333331105771, 1.5469999997594712, 1.4298333331110338, 1.6184999997483667, 1.6396666664117217]
            ]
        },
        {
            "opts":{
                "instances": 3,
                "areDemandSharesFixed":true,
                "curtailableShare": 0.10,
                "shiftableShare": 0.20,
                "extendTimelines": true,
                "applyNoise": true,
                "variance": 0.1
            },
            "shiftP": 0.15,
            "curtP": 0.35,